token	lemma	gloss	other
1.1			
Παρθενών	Παρθενών	the Parthenon	
Ἀθήνης	Αθῆνη	the goddess Athena	
Ἀθηναίων	Ἀθηναῖος	Athenian	
Διὸς	Ζεύς	the god Zeus	genitive singular
μαρμάρινον	μαρμάρινος	made of marble	
Πεντελικὸν	Πεντελικόν (Πεντελικός)	Mount Pentelicon or Pentelicus near Athens	
πορίζει	πορίζω	to provide, supply	
λεύκοί	λεύκος	white	
λιθοτομίαι	λιθοτομία	a quarry	
1.2			
Ἕλλησιν	Ἕλλην (Ἕλληνες)	a Greek (the Greeks)	dative plural
κωμῳδίας	κωμῳδία	a comedy	
τραγῳδίας	τραγῳδία	a tragedy	
Σοφοκλῆς	Σοφοκλῆς	Sophocles	
Ἀριστοφάνης	Ἀριστοφάνης	Aristophanes	
εὔδοξος	εὔδοξος	honoured, famous	
Πλούσιός	πλούσιος	wealthy, rich	
ἐχορήγει	χορηγέω	to fund a chorus	3rd singular imperfect active indicative 
πολῖται	πολίτης	a citizen	
ἀθρόοι	ἀθρόος	in crowds	
ἐφοίτων	φοιτάω	to visit, to go often	3rd plural imperfect active indicative
θέατρον	θέατρον	a theatre	
ὑποκριταί	ὑποκριτής	an actor	
ἐφόρουν	φορέω	to wear	3rd plural imperfect active indicative
παντοῖα	παντοῖος	of all sorts, of different designs	
1.3			
ὁπλίτης	ὁπλίτης	a hoplite, a heavily-armed infantryman	
κνημῖδες	κνημίς	a greave, armour to protect the shins	illustration A
κνήμας	κνῆμα	the shin, the lower leg	
Χαλκοῦς	χαλκοῦς	made of bronze, made of copper	Attic χαλκοῦς, χαλκῆ, χαλκοῦν, contracted from χάλκεος, χάλκεα χάλκεον. TYPO.
θώραξ	θώραξ	a breastplate, armour protecting the upper body	illustration B
στέρνον	στέρνον	the brest, chest	
Ἵππιοι	ἵππιος	from a horse	
λόφοι	λόφος	crest of a helmet	
ἐπινεύουσιν	ἐπινεύω	to nod, to stand on end	
κράνει	κράνος	a helmet	τό κράνος, τοῦ κράνεος; illustration C
ἀριστερὰ	ἀριστερά (ἡ ἀριστερά χείρ)	the left hand	
ἀσπίδα	ἀσπίς	shield	illustration D
δόρατα	δόρυ	spear	
Ζωστήρ	ζωστήρ	a belt, a girdle	illustration F
σκύτινος	σκύτινος	made of leather	
ἀνείχει	ἀνέχω	to hold	
ξίφος	ξίφος	a sword	τὸ ξίφος, τοῦ ξίφεος; illustration G
1.4			
ἐθεράπευον	θεραπεύω	to worship	3rd plural imperfect active indicative
Προμηθέα	Προμηθεύς	the hero Prometheus	TYPO
Ἄρτεμις	Ἄρτεμις	the goddess Artemis	
σεμνή	σεμνός	revered, sacred, holy	TYPO
ἐνιαυτὸν	ἐνιαυτός	a year	κατ’ ἐνιαυτὸν “every year”
λαμπαδηδρομίαν	λαμπαδηδρομία	a torch-race	
νεανίαι	νεανίης	a young man	
ἠγωνίζοντο	ἀγωνίζομαι	to compete for a prize	
λαμπάδα	λαμπάς	a torch	
Ὡρμῶντο	ὁρμάω	to start, to set off	
Κεραμεικοῦ	Κεραμεικός	the Potters’ Quarter in Athens	from κεραμεύς, a potter
Ἔτρεχον	τρέχω	to run	
ἀκρόπολιν	ἀκρόπολις	the Acropolis, the citadel of Athens	
αἰθομένην	αἱθέω	to burn, to be on fire	feminine accusative singular present passive participle agreeing with τὴν λαμπάδα
1.5			
Αἴολος	Αἴολος	the god Aeolus	
ἀνέμων	ἄνεμος	a wind	
Βορέας	βορέας	Boreas	the north wind
ἄρκτου	ἄρκτος	the north	ἡ ἄρκτος
Νότος	Νότος	Notus	the south wind
ὑγρὸς	ὑγρός	wet, damp	
βαρύς	βαρύς	violent	βαρύς , βαρεῖα, βαρύ
ὄμβρους	ὄμβρος	rain, thunder-storm	
Ζέφυρος	Ζέφυρος	Zephyrus	the west wind
πραότερος	πραός	mild, gentle	
εὐμενέστερός	εὐμενής	kind	
εὐδιαιτέραν	εὔδιος	calm, fine, clear	TYPO
Εὖρος	Εὖρος	Eurus	the east wind
μέλας	μέλας	dark	μέλας, μέλαινα, μέλαν
δυσμενής	δυσμενής	hostile	
καίει	καίω	to burn	
1.6			
Ἰαπετοῦ	Ἰαπετός	the Titan Iapetus	son of Uranus and Gaia
Κλυμένης	Κλυμένη	the nymph Clymene	daughter of Oceanus and Tethys, not the Clymene mother of Phaëthon
θαυμασίας	θαυμάσιος	wonderous, amazing	
ἐξευρεῖν	ἐξευρίσκω	to discover	
ἀνέβη	ἀναβαίνω	to go up to	3rd singular aorist active indicative
Ὀλυμπον	Ὀλυμπος	Mount Olympus	
Ἐντεῦθεν	ἐντεῦθεν	from there, from that place	
ἔκλεψεν	κλέπτω	to steal	
ἀπέκρυψεν	ἀποκρύπτω	to hide	
νάρθηκι	νάρθηξ	a casket	
τιμωρεῖσθαι	τιμωρέω	to seek revenge	present middle infinitive
ὠφελήσας	ὠφελέω	to help	masculine nominative singular aorist active participle agreeing with ὁ Προμηθεὺς
1.7			
κατά γῆν, κατὰ θάλασσαν			idiom: "on land", "by sea"
ἐπεστράτευον	ἐπεστράτεύω	make war on, march against	
Λακεδαιμόνιοι	Λακεδαιμόνιος	Lacedaemonian, Spartan	
κλεινότατοι	κλεινός	famous, renowned	
πεζῇ	πεζός	on foot	dative feminine singular with ὁδῷ understood. Used as an adverb
ψιλοὶ	ψιλός	here: light infantryman, skirmisher	
ξυνεστρατεύοντο	ξυστρατεύω	fight alongside	
τέλος	τέλος	here as adverb: finally, in the end	τὸ τέλος, τοῦ τέλεος
1.8			
Ἀπόλλωνος	Ἀπόλλων	the god Apollo	
κασίγνητος	κασίγνητος	sibling, sister	Tragic synonym for ἀδελφός and ἀδελφή
κυναγόν	κυναγός	a hunter, hound-leader	
τόξον	τόξον	a bow	
ὀϊστούς	ὀϊστός	an arrow	
Ἔμπειρος	ἔμπειρος	experienced, skilled in	with genitive τῆς τέχνης
Ἔκτεινε	κτείνω	kill, slay	
βέλεσιν	βέλος	a missile, arrow	τὸ βέλος, τοῦ βέλεος
θῆρας	θήρ	wild animal	
Ἐφίλει	φιλέω	to love	
θηρεύειν	θηρεύω	to go hunting	
ἐλάφους	ἔλαφος	a deer	
ὄρεσιν	ὄρος	a mountain, hill	τὸ ὄρος, τοῦ ὄρεος
ἔγημεν	γαμέω	to marry	
Ἐφέσῳ	Ἔφεσος	the city Ephesus in Ionia, now Turkey
ἕστηκεν	ἵστημι	to stand	3rd person singular perfect active indicative
Οἰνεύς	Οἰνεύς	the mythical king Oeneus	Once, when he made a sacrifice to all the gods, he forgot Artemis, whose revenge is described below.
Αἰτωλίας	Αἰτωλία	Aetolia	a region in Greece, north of the Peloponnese and Attica, and south of Thessaly
καθύβρισε	καθυβρίζω	to insult, outrage	
ἐζημίωσεν	ζημιόω	to punish	
ὕβρεως	ὕβρις	offence, disrespect, outrage	
κάπρον	κάπρος	a wild boar	
διαφθεροῦντα	διαφθείρω	to destroy	feminine singular accusative future active participle agreeing with τὴν γῆν
Μελέαγρος	Μελέαγρος	Meleager	son of Oeneus and Althaea	
ξυλλέξας	ξυλλέω	to bring together, assemble	
ἀποκόψας	ἀποκόπτω	to cut off	
Ἀταλάντῃ	Ἀταλάντη	the heroine Atalante	
δέρμα	δέρμα	the skin, hide	
καθιέρωσε	καθιερόω	to dedicate, offer to a god	
βεβοηθηκέναι	βοηθέω	to help	perfect active infinitive	διὰ τὸ τὴν θεὸν βεβοηθηκέναι = "on account of the fact that the goddess had helped him"
1.9			